ImageId,NameOfPokemon
296.jpg,Pikachu
297.jpg,Pikachu
298.jpg,Pikachu
299.jpg,Pikachu
300.jpg,Pikachu
301.jpg,Pikachu
302.jpg,Pikachu
303.jpg,Pikachu
304.jpg,Pikachu
305.jpg,Pikachu
306.jpg,Pikachu
307.jpg,Pikachu
308.jpg,Pikachu
309.jpg,Pikachu
310.jpg,Pikachu
311.jpg,Pikachu
312.jpg,Pikachu
313.jpg,Pikachu
314.jpg,Pikachu
315.jpg,Pikachu
316.jpg,Pikachu
317.jpg,Pikachu
318.jpg,Pikachu
319.jpg,Pikachu
320.jpg,Pikachu
321.jpg,Pikachu
322.jpg,Pikachu
323.jpg,Pikachu
324.jpg,Pikachu
325.jpg,Pikachu
326.jpg,Pikachu
327.jpg,Pikachu
328.jpg,Pikachu
329.jpg,Pikachu
330.jpg,Pikachu
331.jpg,Pikachu
332.jpg,Pikachu
333.jpg,Pikachu
334.jpg,Pikachu
335.jpg,Pikachu
336.jpg,Pikachu
337.jpg,Pikachu
338.jpg,Pikachu
339.jpg,Pikachu
340.jpg,Pikachu
341.jpg,Pikachu
342.jpg,Pikachu
343.jpg,Pikachu
344.jpg,Pikachu
345.jpg,Pikachu
346.jpg,Pikachu
347.jpg,Pikachu
348.jpg,Pikachu
349.jpg,Pikachu
350.jpg,Pikachu
351.jpg,Pikachu
352.jpg,Pikachu
353.jpg,Pikachu
354.jpg,Pikachu
355.jpg,Pikachu
356.jpg,Pikachu
357.jpg,Pikachu
358.jpg,Pikachu
359.jpg,Pikachu
360.jpg,Pikachu
361.jpg,Pikachu
362.jpg,Pikachu
363.jpg,Pikachu
364.jpg,Pikachu
365.jpg,Pikachu
366.jpg,Pikachu
367.jpg,Pikachu
368.jpg,Pikachu
369.jpg,Pikachu
370.jpg,Pikachu
371.jpg,Pikachu
372.jpg,Pikachu
373.jpg,Pikachu
374.jpg,Pikachu
375.jpg,Pikachu
376.jpg,Pikachu
377.jpg,Pikachu
378.jpg,Pikachu
379.jpg,Pikachu
380.jpg,Pikachu
381.jpg,Pikachu
382.jpg,Pikachu
383.jpg,Pikachu
384.jpg,Pikachu
385.jpg,Pikachu
386.jpg,Pikachu
387.jpg,Pikachu
388.jpg,Pikachu
389.jpg,Pikachu
390.jpg,Pikachu
391.jpg,Pikachu
392.jpg,Pikachu
393.jpg,Pikachu
394.jpg,Pikachu
395.jpg,Pikachu
396.jpg,Pikachu
397.jpg,Bulbasaur
398.jpg,Bulbasaur
399.jpg,Bulbasaur
400.jpg,Bulbasaur
401.jpg,Bulbasaur
402.jpg,Bulbasaur
403.jpg,Bulbasaur
404.jpg,Bulbasaur
405.jpg,Bulbasaur
406.jpg,Bulbasaur
407.jpg,Bulbasaur
408.jpg,Bulbasaur
409.jpg,Bulbasaur
410.jpg,Bulbasaur
411.jpg,Bulbasaur
412.jpg,Bulbasaur
413.jpg,Bulbasaur
414.jpg,Bulbasaur
415.jpg,Bulbasaur
416.jpg,Bulbasaur
417.jpg,Bulbasaur
418.jpg,Bulbasaur
419.jpg,Bulbasaur
420.jpg,Bulbasaur
421.jpg,Bulbasaur
422.jpg,Bulbasaur
423.jpg,Bulbasaur
424.jpg,Bulbasaur
425.jpg,Bulbasaur
426.jpg,Bulbasaur
427.jpg,Bulbasaur
428.jpg,Bulbasaur
429.jpg,Bulbasaur
430.jpg,Bulbasaur
431.jpg,Bulbasaur
432.jpg,Bulbasaur
433.jpg,Bulbasaur
434.jpg,Bulbasaur
435.jpg,Bulbasaur
436.jpg,Bulbasaur
437.jpg,Bulbasaur
438.jpg,Bulbasaur
439.jpg,Bulbasaur
440.jpg,Bulbasaur
441.jpg,Bulbasaur
442.jpg,Bulbasaur
443.jpg,Bulbasaur
444.jpg,Bulbasaur
445.jpg,Bulbasaur
446.jpg,Bulbasaur
447.jpg,Bulbasaur
448.jpg,Bulbasaur
449.jpg,Bulbasaur
450.jpg,Bulbasaur
451.jpg,Bulbasaur
452.jpg,Bulbasaur
453.jpg,Bulbasaur
454.jpg,Bulbasaur
455.jpg,Bulbasaur
456.jpg,Bulbasaur
457.jpg,Bulbasaur
458.jpg,Bulbasaur
459.jpg,Bulbasaur
460.jpg,Bulbasaur
461.jpg,Bulbasaur
462.jpg,Bulbasaur
463.jpg,Bulbasaur
464.jpg,Bulbasaur
465.jpg,Bulbasaur
466.jpg,Bulbasaur
467.jpg,Bulbasaur
468.jpg,Bulbasaur
469.jpg,Bulbasaur
470.jpg,Bulbasaur
471.jpg,Bulbasaur
472.jpg,Bulbasaur
473.jpg,Bulbasaur
474.jpg,Bulbasaur
475.jpg,Bulbasaur
476.jpg,Bulbasaur
477.jpg,Bulbasaur
478.jpg,Bulbasaur
479.jpg,Bulbasaur
480.jpg,Bulbasaur
481.jpg,Bulbasaur
482.jpg,Bulbasaur
483.jpg,Bulbasaur
484.jpg,Bulbasaur
485.jpg,Bulbasaur
486.jpg,Bulbasaur
487.jpg,Bulbasaur
488.jpg,Bulbasaur
489.jpg,Bulbasaur
490.jpg,Bulbasaur
491.jpg,Bulbasaur
492.jpg,Bulbasaur
493.jpg,Bulbasaur
494.jpg,Bulbasaur
495.jpg,Bulbasaur
496.jpg,Bulbasaur
497.jpg,Bulbasaur
498.jpg,Charmander
520.jpg,Charmander
521.jpg,Charmander
522.jpg,Charmander
523.jpg,Charmander
524.jpg,Charmander
525.jpg,Charmander
526.jpg,Charmander
527.jpg,Charmander
528.jpg,Charmander
529.jpg,Charmander
530.jpg,Charmander
531.jpg,Charmander
532.jpg,Charmander
533.jpg,Charmander
534.jpg,Charmander
535.jpg,Charmander
536.jpg,Charmander
537.jpg,Charmander
538.jpg,Charmander
539.jpg,Charmander
540.jpg,Charmander
541.jpg,Charmander
542.jpg,Charmander
543.jpg,Charmander
544.jpg,Charmander
545.jpg,Charmander
546.jpg,Charmander
547.jpg,Charmander
548.jpg,Charmander
549.jpg,Charmander
550.jpg,Charmander
551.jpg,Charmander
552.jpg,Charmander
553.jpg,Charmander
554.jpg,Charmander
555.jpg,Charmander
556.jpg,Charmander
557.jpg,Charmander
558.jpg,Charmander
559.jpg,Charmander
560.jpg,Charmander
561.jpg,Charmander
562.jpg,Charmander
563.jpg,Charmander
564.jpg,Charmander
565.jpg,Charmander
566.jpg,Charmander
567.jpg,Charmander
568.jpg,Charmander
569.jpg,Charmander
570.jpg,Charmander
571.jpg,Charmander
572.jpg,Charmander
573.jpg,Charmander
574.jpg,Charmander
575.jpg,Charmander
576.jpg,Charmander
577.jpg,Charmander
578.jpg,Charmander
579.jpg,Charmander
580.jpg,Charmander
581.jpg,Charmander
582.jpg,Charmander
583.jpg,Charmander
584.jpg,Charmander
585.jpg,Charmander
586.jpg,Charmander
587.jpg,Charmander
588.jpg,Charmander
589.jpg,Charmander
590.jpg,Charmander
591.jpg,Charmander
592.jpg,Charmander
593.jpg,Charmander
594.jpg,Charmander
595.jpg,Charmander
596.jpg,Charmander
597.jpg,Charmander
598.jpg,Charmander
599.jpg,Charmander
600.jpg,Charmander
601.jpg,Charmander
602.jpg,Charmander
603.jpg,Charmander
604.jpg,Charmander
605.jpg,Charmander
606.jpg,Charmander
607.jpg,Charmander
608.jpg,Charmander
609.jpg,Charmander
610.jpg,Charmander
611.jpg,Charmander
612.jpg,Charmander
613.jpg,Charmander
614.jpg,Charmander
615.jpg,Charmander
616.jpg,Charmander
617.jpg,Charmander
618.jpg,Charmander
619.jpg,Charmander
620.jpg,Charmander
